Rk,Gcar,Gtm,Date,Tm,,Opp,Rslt,Inngs,PA,AB,R,H,2B,3B,HR,RBI,BB,IBB,SO,HBP,SH,SF,ROE,GDP,SB,CS,BA,OBP,SLG,OPS,BOP,aLI,WPA,acLI,cWPA,RE24,DFS(DK),DFS(FD),Pos
1,573,1,Apr 8,NYY,,BOS,W6-5,CG(11),5,5,1,2,1,0,0,0,0,0,1,0,0,0,0,0,0,0,.400,.400,.600,1.000,2,1.20,-0.002,1.17,0.00%,-0.19,10.00,12.20,RF
2,574,2,Apr 9,NYY,,BOS,W4-2,CG,4,3,1,0,0,0,0,0,1,0,0,0,0,0,0,0,0,0,.250,.333,.375,.708,2,1.01,0.006,1.02,0.00%,-0.12,4.00,6.20,CF RF
3,575,3,Apr 10,NYY,,BOS,L3-4,CG,5,5,0,2,0,0,0,0,0,0,2,0,0,0,0,1,1,0,.308,.357,.385,.742,3,1.86,-0.041,1.89,-0.03%,0.41,11.00,12.00,RF
4,576,4,Apr 11,NYY,,TOR,L0-3,CG,4,3,0,0,0,0,0,0,1,0,2,0,0,0,0,0,0,0,.250,.333,.313,.646,3,1.26,-0.038,1.31,-0.02%,-0.28,2.00,3.00,RF
5,577,5,Apr 12,NYY,,TOR,W4-0,CG,4,4,0,1,1,0,0,0,0,0,0,0,0,0,0,0,0,0,.250,.318,.350,.668,2,.55,-0.037,.55,-0.02%,0.50,5.00,6.00,CF RF
6,578,6,Apr 13,NYY,,TOR,L4-6,CG,5,4,1,2,0,0,1,1,1,0,1,0,0,0,0,0,0,0,.292,.370,.500,.870,2,1.32,0.121,1.35,0.07%,0.94,19.00,24.70,RF
7,579,7,Apr 14,NYY,,TOR,W3-0,CG,4,4,1,1,1,0,0,0,0,0,1,0,0,0,0,0,0,0,.286,.355,.500,.855,2,.61,-0.041,.62,-0.03%,-0.08,7.00,9.20,CF RF
8,580,8,Apr 15,NYY,@,BAL,L1-2,10-10,1,1,0,0,0,0,0,0,0,0,0,0,0,0,0,0,0,0,.276,.344,.483,.827,8,3.94,-0.106,3.95,-0.06%,-0.44,0.00,0.00,PH
9,581,9,Apr 16,NYY,@,BAL,W5-2,CG,5,3,1,1,0,0,0,0,1,0,1,0,0,0,0,0,0,0,.281,.361,.469,.830,2,1.25,0.073,1.26,0.04%,0.48,7.00,9.20,RF
10,582,10,Apr 17,NYY,@,BAL,L0-5,CG,4,3,0,0,0,0,0,0,1,0,2,0,0,0,0,0,0,0,.257,.350,.429,.779,2,1.43,-0.097,1.48,-0.06%,-0.61,2.00,3.00,RF
11,583,11,Apr 19,NYY,@,DET,W4-2,CG,5,5,0,1,0,0,0,0,0,0,3,0,0,0,0,0,0,0,.250,.333,.400,.733,2,1.04,-0.127,1.02,-0.07%,-1.33,3.00,3.00,RF
12,584,12,Apr 20,NYY,@,DET,W5-3,CG,4,4,0,1,1,0,0,1,0,0,1,0,0,0,0,0,0,0,.250,.327,.409,.736,2,1.51,0.078,1.50,0.05%,0.56,7.00,9.50,CF RF
13,585,13,Apr 21,NYY,@,DET,L0-3,CG,4,3,0,1,0,0,0,0,1,0,0,0,0,0,0,0,0,0,.255,.340,.404,.744,2,1.87,0.067,1.93,0.04%,0.26,5.00,6.00,RF
14,586,14,Apr 22,NYY,,CLE,W4-1,CG,4,3,2,2,0,0,2,3,1,0,0,0,0,0,0,0,0,0,.280,.368,.540,.908,2,.56,0.315,.57,0.19%,2.78,32.00,43.90,CF RF
15,587,15,Apr 23,NYY,,CLE,W5-4,CG,4,4,0,0,0,0,0,0,0,0,0,0,0,0,0,0,0,0,.259,.344,.500,.844,2,1.66,-0.156,1.74,-0.10%,-0.88,0.00,0.00,RF
16,588,16,Apr 24,NYY,,CLE,W10-2,GS-8,4,3,1,1,1,0,0,0,1,0,1,0,0,0,0,1,0,0,.263,.354,.509,.863,2,.39,0.016,.42,0.01%,-0.41,9.00,12.20,RF
17,589,17,Apr 26,NYY,,BAL,W12-8,CG,5,5,2,2,0,0,1,1,0,0,2,0,0,0,0,0,0,0,.274,.357,.548,.906,2,.79,0.005,.89,0.00%,1.00,19.00,24.90,CF RF
18,590,18,Apr 27,NYY,,BAL,W5-2,CG,4,4,1,2,0,0,0,0,0,0,2,0,0,0,0,0,0,0,.288,.365,.545,.910,2,.78,-0.018,.92,-0.01%,-0.08,8.00,9.20,CF RF
19,591,19,Apr 28,NYY,,BAL,W10-5,CG,5,5,2,2,0,0,1,4,0,0,1,0,0,0,0,0,0,0,.296,.367,.577,.945,2,.85,0.079,1.00,0.06%,2.18,25.00,35.40,RF
20,592,20,Apr 29,NYY,@,KCR,W12-2,GS-8,4,4,1,1,0,0,1,3,0,0,2,0,0,0,0,0,0,0,.293,.361,.600,.961,2,.98,0.068,1.16,0.05%,1.85,18.00,25.70,DH
21,593,22 (1),May 1,NYY,@,KCR,W6-4,CG,5,5,2,2,0,0,2,3,0,0,2,0,0,0,0,0,0,0,.300,.364,.663,1.026,2,1.29,0.198,1.51,0.14%,1.74,30.00,40.90,RF
22,594,23,May 2,NYY,@,TOR,W3-2,CG,4,4,0,1,0,0,0,0,0,0,1,0,0,0,0,0,1,0,.298,.359,.643,1.002,2,1.16,-0.096,1.56,-0.08%,-0.64,8.00,9.00,CF RF
23,595,24,May 3,NYY,@,TOR,W9-1,GS-9,5,5,1,2,1,0,1,3,0,0,3,0,0,0,0,0,0,0,.303,.361,.674,1.035,2,.60,0.154,.82,0.13%,1.70,23.00,31.70,RF
24,596,25,May 4,NYY,@,TOR,L1-2,CG,4,3,0,0,0,0,0,0,1,0,3,0,0,0,0,0,0,0,.293,.356,.652,1.009,2,1.49,-0.108,2.01,-0.09%,-0.64,2.00,3.00,RF
25,597,26,May 8 (1),NYY,,TEX,W2-1,CG,4,3,1,1,0,0,0,0,1,0,0,0,0,0,0,0,0,0,.295,.362,.642,1.004,2,1.60,-0.019,1.91,-0.01%,0.02,7.00,9.20,RF
26,598,27,May 8 (2),NYY,,TEX,L2-4,CG,4,4,0,0,0,0,0,0,0,0,1,0,0,0,0,0,0,0,.283,.349,.616,.965,2,2.16,-0.210,2.58,-0.15%,-1.55,0.00,0.00,DH
27,599,28,May 9,NYY,,TEX,W1-0,CG,4,3,1,1,0,0,0,0,1,0,1,0,0,0,0,0,0,0,.284,.354,.608,.962,2,1.64,-0.008,1.97,-0.01%,-0.03,7.00,9.20,CF RF
28,600,29,May 10,NYY,,TOR,W6-5,CG,5,5,2,2,0,0,1,3,0,0,1,0,0,0,0,0,0,0,.290,.356,.626,.982,2,1.80,0.793,2.33,0.62%,2.20,23.00,31.90,CF
29,601,30,May 11,NYY,,TOR,W5-3,CG,4,4,0,1,0,0,0,0,0,0,0,0,0,0,0,0,0,0,.288,.352,.613,.965,2,.69,-0.062,.94,-0.05%,-0.40,3.00,3.00,DH
30,602,31,May 12,NYY,@,CHW,W15-7,GS-9,6,4,3,2,0,0,1,4,1,0,2,0,0,1,0,0,0,0,.296,.359,.635,.994,2,1.48,0.376,1.77,0.27%,2.04,29.00,41.60,RF
31,603,32,May 13,NYY,@,CHW,W10-4,GS-9,5,3,3,2,0,0,1,1,2,0,1,0,0,0,0,0,0,0,.305,.376,.661,1.037,2,.29,0.060,.34,0.04%,1.52,25.00,34.10,RF
32,604,33,May 14,NYY,@,CHW,L2-3,CG,4,3,1,1,0,0,0,0,1,0,1,0,0,0,0,0,0,0,.306,.380,.653,1.032,2,1.24,0.042,1.40,0.03%,0.13,7.00,9.20,CF RF
33,605,34,May 15,NYY,@,CHW,W5-1,CG,4,4,0,0,0,0,0,0,0,0,1,0,0,0,0,0,0,0,.296,.369,.632,1.001,2,.54,-0.059,.65,-0.04%,-0.95,0.00,0.00,RF
34,606,36 (1),May 17,NYY,@,BAL,W5-4,CG,5,5,2,4,1,0,2,3,0,0,0,0,0,0,0,0,0,0,.315,.384,.692,1.076,2,1.21,0.257,1.28,0.16%,2.01,38.00,49.90,CF RF
35,607,37,May 18,NYY,@,BAL,W3-2,CG,4,4,0,0,0,0,0,0,0,0,1,0,0,0,0,0,0,0,.306,.373,.672,1.045,2,.65,-0.068,.66,-0.04%,-0.83,0.00,0.00,DH
36,608,38,May 19,NYY,@,BAL,L6-9,CG,5,3,2,1,0,0,0,0,2,0,1,0,0,0,0,1,0,0,.307,.381,.664,1.045,2,1.92,-0.050,1.90,-0.03%,-0.12,11.00,15.40,RF
37,609,39,May 21,NYY,,CHW,W7-5,CG,4,3,0,1,0,0,0,0,1,1,0,0,0,0,0,0,0,0,.307,.384,.657,1.041,2,.75,0.037,.77,0.02%,0.52,5.00,6.00,CF
38,610,40,May 22 (1),NYY,,CHW,L1-3,CG,4,4,1,3,0,0,1,1,0,0,1,0,0,0,0,0,0,0,.319,.393,.681,1.073,2,1.12,0.325,1.11,0.19%,1.15,20.00,24.70,DH
39,611,41,May 22 (2),NYY,,CHW,L0-5,CG,4,4,0,1,1,0,0,0,0,0,2,0,0,0,0,0,0,0,.318,.389,.676,1.065,2,.77,-0.061,.77,-0.04%,0.09,5.00,6.00,RF
40,612,42,May 23,NYY,,BAL,L4-6,CG,4,3,2,2,0,0,2,3,1,0,1,0,0,0,0,0,0,0,.325,.398,.715,1.113,2,1.29,0.377,1.38,0.24%,2.73,32.00,43.90,RF
41,613,43,May 24,NYY,,BAL,W7-6,CG(11),5,5,0,0,0,0,0,0,0,0,2,0,0,0,0,2,0,0,.314,.386,.692,1.079,2,1.39,-0.146,1.56,-0.10%,-2.01,0.00,0.00,RF
42,614,44,May 25,NYY,,BAL,W2-0,CG,4,4,1,1,1,0,0,0,0,0,0,0,0,0,0,0,0,0,.313,.383,.688,1.071,2,.66,0.034,.72,0.02%,0.00,7.00,9.20,RF
43,615,45,May 26,NYY,@,TBR,W7-2,CG,5,3,1,1,0,0,0,2,1,0,0,0,0,1,0,0,1,0,.313,.384,.681,1.065,1,1.08,0.123,1.37,0.09%,0.99,16.00,22.20,CF
44,616,46,May 27,NYY,@,TBR,W2-0,CG,4,4,0,0,0,0,0,0,0,0,2,0,0,0,0,0,0,0,.305,.376,.665,1.040,1,.98,-0.071,1.17,-0.05%,-0.79,0.00,0.00,CF
45,617,47,May 28,NYY,@,TBR,L1-3,CG,4,4,0,1,0,0,0,0,0,0,2,0,0,0,0,0,0,0,.304,.373,.655,1.028,2,1.02,-0.001,1.14,0.00%,0.21,3.00,3.00,CF
46,618,48,May 29,NYY,@,TBR,L2-4,CG,4,4,1,2,0,0,1,1,0,0,1,0,0,0,0,0,0,0,.309,.376,.669,1.044,2,.99,0.133,1.17,0.10%,1.68,17.00,21.70,DH
47,619,49,May 31,NYY,,LAA,W9-1,CG,5,3,1,0,0,0,0,1,1,0,1,0,0,1,0,1,0,0,.303,.371,.657,1.029,2,.27,0.007,.29,0.01%,-1.20,6.00,9.70,CF
48,620,50,Jun 2 (1),NYY,,LAA,W6-1,CG,5,4,1,2,0,0,1,1,1,1,1,0,0,0,0,0,0,0,.308,.377,.670,1.047,2,.38,0.103,.41,0.07%,0.96,19.00,24.70,CF
49,621,51,Jun 2 (2),NYY,,LAA,W2-1,CG,4,3,0,0,0,0,0,0,1,0,2,0,0,0,0,0,0,0,.303,.374,.659,1.034,2,1.29,-0.072,1.30,-0.04%,-0.60,2.00,3.00,DH
50,622,52,Jun 3,NYY,,DET,W13-0,CG,5,5,2,4,0,0,1,2,0,0,0,0,0,0,0,1,0,0,.316,.384,.679,1.063,2,.23,0.139,.22,0.08%,0.85,27.00,34.40,RF
51,623,53,Jun 4,NYY,,DET,W3-0,CG,4,3,1,1,0,0,1,1,1,0,0,0,0,0,0,0,0,0,.316,.386,.689,1.075,1,.66,0.083,.58,0.04%,1.47,16.00,21.70,CF
52,624,54,Jun 5,NYY,,DET,W5-4,CG(10),5,5,1,1,0,0,0,0,0,0,2,0,0,0,0,0,0,0,.313,.382,.677,1.059,2,1.29,-0.163,1.05,-0.08%,-1.45,5.00,6.20,CF
53,625,55,Jun 7,NYY,@,MIN,W10-4,CG,6,5,2,2,0,0,1,3,1,1,2,0,0,0,0,0,0,0,.315,.385,.685,1.070,2,1.25,0.201,1.08,0.10%,1.36,25.00,34.90,CF
54,626,56,Jun 8,NYY,@,MIN,L1-8,GS-8,4,3,0,0,0,0,0,0,1,0,1,0,0,0,0,0,0,0,.311,.383,.675,1.058,2,.91,-0.023,.78,-0.01%,-0.22,2.00,3.00,CF
55,627,57,Jun 9,NYY,@,MIN,W10-7,CG,5,4,2,1,1,0,0,0,1,0,0,0,0,0,0,1,0,0,.310,.383,.671,1.055,2,.96,0.052,.79,0.03%,-0.32,11.00,15.40,CF
56,628,58,Jun 10,NYY,,CHC,W2-1,CG(13),6,4,0,1,0,0,0,0,2,2,1,0,0,0,0,0,0,0,.308,.386,.664,1.050,2,1.62,0.024,1.30,0.01%,0.77,7.00,9.00,CF
57,629,59,Jun 11,NYY,,CHC,W8-0,CG,4,3,2,2,0,0,2,3,0,0,0,0,0,1,0,0,0,0,.313,.388,.691,1.079,1,.54,0.108,.39,0.05%,1.60,30.00,40.90,DH
58,630,60,Jun 12,NYY,,CHC,W18-4,CG,6,6,2,3,0,0,0,0,0,0,2,0,0,0,0,0,0,0,.318,.391,.686,1.077,1,.29,0.015,.19,0.01%,0.25,13.00,15.40,CF
59,631,61,Jun 14,NYY,,TBR,W2-0,CG,4,4,0,0,0,0,0,0,0,0,0,0,0,0,0,0,0,0,.313,.385,.674,1.059,2,.60,-0.060,.50,-0.03%,-0.85,0.00,0.00,CF
60,632,62,Jun 15,NYY,,TBR,W4-3,CG,3,3,1,1,0,0,1,1,0,0,2,0,0,0,0,0,0,0,.313,.384,.683,1.067,2,.57,0.078,.42,0.03%,0.55,14.00,18.70,CF
61,633,63,Jun 16,NYY,,TBR,W2-1,CG,4,2,0,0,0,0,0,0,2,0,0,0,0,0,0,0,1,0,.310,.386,.677,1.062,2,1.22,0.006,.89,0.00%,0.17,9.00,12.00,CF
62,634,64,Jun 17,NYY,@,TOR,W12-3,CG,6,5,1,2,0,0,0,0,1,1,1,0,0,0,0,0,0,0,.312,.388,.671,1.059,1,.52,0.024,.37,0.01%,0.17,10.00,12.20,CF
63,635,65,Jun 18,NYY,@,TOR,W4-0,CG,5,5,0,0,0,0,0,0,0,0,1,0,0,0,0,0,0,0,.306,.381,.657,1.038,2,.46,-0.058,.27,-0.02%,-0.97,0.00,0.00,DH
64,636,66,Jun 19,NYY,@,TOR,L9-10,CG,5,4,1,1,1,0,0,1,1,0,2,0,0,0,0,0,0,0,.305,.382,.654,1.036,2,1.63,0.005,.79,0.00%,0.88,11.00,15.70,CF
65,637,67,Jun 20,NYY,@,TBR,W4-2,CG,4,3,0,0,0,0,0,0,1,0,2,0,0,0,0,0,1,0,.301,.380,.647,1.026,2,.61,-0.031,.30,-0.01%,-0.10,7.00,9.00,CF
66,638,68,Jun 21,NYY,@,TBR,L4-5,9-GF,1,1,0,0,0,0,0,0,0,0,0,0,0,0,0,0,0,0,.300,.378,.644,1.022,9,1.34,-0.033,.54,-0.01%,-0.09,0.00,0.00,PH
67,639,69,Jun 22,NYY,@,TBR,W5-4,CG,5,5,2,2,0,0,2,2,0,0,1,0,0,0,0,0,0,0,.302,.379,.663,1.042,2,1.60,0.070,.80,0.02%,0.61,28.00,37.40,CF
68,640,70,Jun 23,NYY,,HOU,W7-6,CG,5,5,1,2,0,0,0,1,0,0,1,0,0,0,1,0,0,0,.304,.379,.658,1.037,2,1.60,0.412,.69,0.11%,1.33,10.00,12.70,CF
69,641,71,Jun 24,NYY,,HOU,L1-3,CG,4,4,0,0,0,0,0,0,0,0,1,0,0,0,0,0,0,0,.299,.374,.648,1.022,2,1.37,-0.131,.53,-0.03%,-0.88,0.00,0.00,CF
70,642,72,Jun 25,NYY,,HOU,L0-3,CG,4,4,0,0,0,0,0,0,0,0,2,0,0,0,0,0,0,0,.295,.369,.638,1.007,1,1.32,-0.140,.64,-0.04%,-0.91,0.00,0.00,CF
71,643,73,Jun 26,NYY,,HOU,W6-3,CG(10),5,4,1,1,0,0,1,3,1,0,0,0,0,0,0,0,0,0,.294,.370,.643,1.013,2,1.61,0.334,.77,0.10%,2.21,20.00,28.70,CF
72,644,74,Jun 27,NYY,,OAK,W9-5,CG,5,4,1,1,0,0,0,1,0,0,1,0,0,0,0,1,0,0,.293,.368,.638,1.006,2,1.02,0.072,.44,0.02%,0.23,7.00,9.70,CF
73,645,75,Jun 28,NYY,,OAK,W2-1,CG,4,4,0,0,0,0,0,0,0,0,3,0,0,0,0,0,0,0,.289,.364,.629,.992,2,.64,-0.062,.24,-0.01%,-0.95,0.00,0.00,DH
74,646,76,Jun 29,NYY,,OAK,W5-3,CG,4,3,2,1,0,0,1,2,1,0,1,0,0,0,0,0,0,0,.290,.365,.636,1.001,2,.83,0.185,.30,0.04%,1.75,20.00,28.40,CF
75,647,77,Jun 30,NYY,@,HOU,L1-2,CG,4,4,0,0,0,0,0,0,0,0,1,0,0,0,0,0,0,0,.286,.361,.627,.988,2,1.55,-0.149,.49,-0.03%,-1.07,0.00,0.00,CF
76,648,78,Jul 2 (1),NYY,@,CLE,W13-4,CG,5,3,2,1,1,0,0,0,2,0,0,0,0,0,0,0,1,0,.286,.364,.628,.992,2,.62,-0.011,.20,0.00%,0.65,18.00,24.40,DH
77,649,79,Jul 2 (2),NYY,@,CLE,W6-1,CG,4,4,0,0,0,0,0,0,0,0,2,0,0,0,0,1,0,0,.282,.360,.619,.979,2,.77,-0.124,.22,-0.02%,-1.20,0.00,0.00,CF
78,650,80,Jul 3,NYY,@,CLE,L0-2,9-GF,1,0,0,0,0,0,0,0,1,0,0,0,0,0,0,0,0,0,.282,.362,.619,.981,5,2.79,0.071,.72,0.01%,0.33,2.00,3.00,PH
79,651,81,Jul 5,NYY,@,PIT,L2-5,CG,5,5,0,1,0,0,0,1,0,0,1,0,0,0,0,1,0,0,.281,.360,.612,.972,2,.93,-0.072,.27,-0.01%,-0.71,5.00,6.50,CF
80,652,82,Jul 6,NYY,@,PIT,W16-0,GS-8,5,4,1,3,1,0,1,4,1,0,1,0,0,0,0,0,1,0,.287,.366,.627,.993,2,.62,0.027,.18,0.01%,3.33,35.00,47.20,CF
81,653,84 (1),Jul 8,NYY,@,BOS,W12-5,CG,6,5,0,0,0,0,0,0,1,0,3,0,0,0,0,0,0,0,.282,.363,.617,.979,2,.46,-0.051,.12,-0.01%,-0.75,2.00,3.00,DH
82,654,85,Jul 9,NYY,@,BOS,L5-6,CG(10),5,5,1,2,1,0,0,1,0,0,2,0,0,0,0,0,0,0,.284,.363,.617,.980,1,1.37,0.204,.26,0.02%,0.75,12.00,15.70,RF CF
83,655,86,Jul 10,NYY,@,BOS,L6-11,CG,5,5,1,1,0,0,0,0,0,0,1,0,0,0,0,1,0,0,.283,.361,.610,.971,2,.81,-0.062,.17,-0.01%,-1.23,5.00,6.20,RF
84,656,87,Jul 12,NYY,,CIN,L3-4,9-GF,1,1,0,0,0,0,0,0,0,0,1,0,0,0,0,0,0,0,.282,.360,.608,.968,9,3.41,-0.086,.73,-0.01%,-0.23,0.00,0.00,PH
85,657,88,Jul 13,NYY,,CIN,W7-6,CG(10),5,4,0,0,0,0,0,0,1,0,3,0,0,0,0,0,1,0,.279,.358,.601,.958,2,1.43,-0.218,.35,-0.03%,-1.38,7.00,9.00,CF
86,658,89,Jul 14,NYY,,CIN,L6-7,CG(10),5,4,2,1,0,0,1,1,1,0,1,0,0,0,0,0,0,0,.278,.358,.606,.964,2,1.35,0.006,.28,0.00%,0.46,18.00,24.90,CF
87,659,90,Jul 15,NYY,,BOS,L4-5,CG(11),5,5,0,0,0,0,0,0,0,0,2,0,0,0,0,0,0,0,.274,.354,.596,.950,2,1.99,-0.286,.52,-0.05%,-1.65,0.00,0.00,CF
88,660,91,Jul 16,NYY,,BOS,W14-1,GS-8,4,3,3,3,0,0,2,3,1,0,0,0,0,0,0,0,0,0,.281,.360,.618,.978,2,.36,0.085,.12,0.02%,3.08,37.00,50.10,CF
89,661,92,Jul 17,NYY,,BOS,W13-2,GS-7,4,3,2,2,0,0,0,1,0,0,0,1,0,0,0,0,0,0,.284,.364,.618,.983,2,.77,0.039,.23,0.01%,0.92,14.00,18.90,CF
90,662,93,Jul 21 (1),NYY,@,HOU,L2-3,CG,4,2,0,0,0,0,0,0,1,0,0,1,0,0,0,0,0,0,.282,.366,.615,.980,3,1.40,0.075,.36,0.01%,0.98,4.00,6.00,DH
91,663,94,Jul 21 (2),NYY,@,HOU,L5-7,CG,5,4,2,1,0,0,1,3,1,0,3,0,0,0,0,0,0,0,.282,.366,.619,.985,1,.60,-0.027,.17,0.00%,1.40,22.00,31.90,DH
92,664,95,Jul 22,NYY,@,BAL,W7-6,CG,4,4,2,2,0,0,2,4,0,0,1,0,0,0,0,0,0,0,.284,.368,.635,1.003,2,.98,0.343,.31,0.06%,3.03,32.00,44.40,CF
93,665,96,Jul 23,NYY,@,BAL,L3-6,CG,5,5,0,4,2,0,0,2,0,0,0,0,0,0,0,0,1,0,.292,.373,.643,1.016,2,1.16,0.274,.24,0.04%,3.00,25.00,31.00,CF
94,666,97,Jul 24,NYY,@,BAL,W6-0,CG,5,4,2,2,0,0,1,2,1,0,2,0,0,0,0,0,0,0,.294,.376,.650,1.025,2,.46,0.156,.13,0.03%,2.04,23.00,31.40,DH CF
95,667,98,Jul 26,NYY,@,NYM,L3-6,CG,5,4,1,2,0,0,1,1,1,0,1,0,0,0,0,0,0,0,.296,.378,.657,1.035,2,1.44,0.102,.34,0.01%,1.12,19.00,24.70,CF
96,668,99,Jul 27,NYY,@,NYM,L2-3,CG,5,5,0,0,0,0,0,0,0,0,3,0,0,0,0,0,0,0,.292,.374,.648,1.021,2,1.73,-0.228,.47,-0.04%,-1.50,0.00,0.00,CF
97,669,100,Jul 28,NYY,,KCR,W1-0,CG,4,3,1,1,0,0,1,1,1,0,2,0,0,0,0,0,1,0,.293,.375,.653,1.028,2,1.06,0.420,.30,0.07%,1.09,21.00,27.70,DH
98,670,101,Jul 29,NYY,,KCR,W11-5,CG,5,5,2,3,0,0,2,6,0,0,1,0,0,0,0,0,0,0,.297,.378,.668,1.046,2,1.08,0.215,.25,0.03%,5.09,39.00,54.40,RF
99,671,102,Jul 30,NYY,,KCR,W8-2,CG,5,3,2,2,0,0,1,2,2,0,0,0,0,0,0,0,0,0,.300,.382,.676,1.059,2,.44,0.177,.09,0.02%,2.48,25.00,34.40,DH
100,672,103,Jul 31,NYY,,KCR,L6-8,CG,5,3,1,0,0,0,0,0,2,0,1,0,0,0,0,0,0,0,.297,.383,.671,1.054,2,1.55,0.021,.26,0.00%,0.17,6.00,9.20,CF RF
101,673,104,Aug 1,NYY,,SEA,W7-2,CG,4,4,2,2,1,0,1,2,0,0,1,0,0,0,0,0,0,0,.299,.384,.680,1.063,2,.67,0.223,.14,0.03%,2.23,23.00,31.40,RF
102,674,105,Aug 2,NYY,,SEA,L6-8,CG,5,2,0,0,0,0,0,0,3,0,1,0,0,0,0,0,0,0,.298,.386,.676,1.062,2,.94,0.037,.19,0.00%,0.32,6.00,9.00,DH
103,675,107 (1),Aug 5,NYY,@,STL,L3-4,CG,5,4,2,2,0,0,0,0,1,0,0,0,0,0,0,0,1,0,.300,.389,.674,1.063,2,1.53,-0.003,.36,0.00%,0.48,17.00,21.40,RF
104,676,108,Aug 6,NYY,@,STL,L0-1,CG,4,4,0,1,0,0,0,0,0,0,0,0,0,0,0,0,0,0,.299,.387,.670,1.057,2,1.58,-0.118,.42,-0.02%,-0.47,3.00,3.00,RF
105,677,109,Aug 7,NYY,@,STL,L9-12,CG,6,5,0,2,1,0,0,4,1,1,2,0,0,0,0,0,0,0,.301,.389,.669,1.058,2,1.89,0.358,.58,0.07%,3.19,18.00,26.00,RF
106,678,110,Aug 8,NYY,@,SEA,W9-4,CG,5,4,2,2,1,0,1,1,0,0,1,1,0,0,0,0,0,0,.303,.391,.677,1.068,2,.59,0.101,.19,0.02%,1.87,23.00,30.90,RF
107,679,111,Aug 9,NYY,@,SEA,L0-1,CG(13),5,3,0,1,0,0,0,0,2,1,1,0,0,0,0,0,0,1,.303,.393,.675,1.068,2,1.72,0.059,.45,0.01%,0.60,7.00,9.00,RF
108,680,112,Aug 10,NYY,@,SEA,L3-4,CG,4,2,1,1,0,0,1,1,2,0,0,0,0,0,0,0,0,0,.304,.396,.681,1.078,2,.66,0.166,.18,0.03%,1.17,18.00,24.70,RF
109,681,113,Aug 12,NYY,@,BOS,L2-3,CG(10),5,2,2,1,0,0,1,1,2,0,1,1,0,0,0,0,1,0,.305,.400,.688,1.088,2,1.54,0.188,.44,0.03%,1.79,27.00,36.90,RF
110,682,114,Aug 13,NYY,@,BOS,W3-2,CG,4,2,0,0,0,0,0,0,2,0,1,0,0,0,0,0,0,0,.303,.401,.684,1.086,2,1.04,0.020,.35,0.00%,0.12,4.00,6.00,RF
111,683,115,Aug 14,NYY,@,BOS,L0-3,CG,4,4,0,0,0,0,0,0,0,0,3,0,0,0,0,0,0,0,.300,.398,.678,1.076,2,.94,-0.093,.26,-0.02%,-0.79,0.00,0.00,RF
112,684,116,Aug 15,NYY,,TBR,L0-4,CG,4,4,0,1,0,0,0,0,0,0,1,0,0,0,0,2,0,0,.300,.397,.674,1.071,2,1.78,-0.273,.69,-0.06%,-1.41,3.00,3.00,RF
113,685,117,Aug 16,NYY,,TBR,L1-3,CG,4,4,0,0,0,0,0,0,0,0,2,0,0,0,0,0,0,0,.297,.394,.667,1.061,2,.98,-0.102,.50,-0.03%,-0.75,0.00,0.00,CF
114,686,118,Aug 17,NYY,,TBR,W8-7,CG(10),5,3,2,1,1,0,0,1,2,0,0,0,0,0,0,0,0,0,.297,.396,.667,1.063,2,1.87,0.158,1.09,0.06%,1.42,15.00,21.90,CF RF
115,687,119,Aug 18,NYY,,TOR,L2-9,CG,4,4,0,0,0,0,0,1,0,0,1,0,0,0,0,0,0,0,.295,.393,.661,1.054,2,.73,-0.064,.33,-0.02%,-0.99,2.00,3.50,RF
116,688,120,Aug 19,NYY,,TOR,L0-4,CG,4,2,0,0,0,0,0,0,1,0,0,0,0,0,0,0,0,0,.293,.392,.658,1.050,2,.48,0.016,.29,0.01%,0.47,2.00,3.00,CF
117,689,121,Aug 20,NYY,,TOR,L2-5,CG,4,4,0,2,0,0,0,0,0,0,2,0,0,0,0,0,1,0,.295,.393,.657,1.050,3,1.08,0.019,.78,0.01%,0.34,11.00,12.00,RF
118,690,122,Aug 21,NYY,,TOR,W4-2,CG,4,3,0,0,0,0,0,0,0,0,2,1,0,0,0,0,0,0,.293,.392,.652,1.044,2,.85,-0.039,.76,-0.02%,-0.36,2.00,3.00,DH
119,691,123,Aug 22,NYY,,NYM,W4-2,CG,4,4,1,2,0,0,1,1,0,0,1,0,0,0,0,0,0,0,.295,.393,.658,1.050,2,.67,0.075,.38,0.03%,0.60,17.00,21.70,CF
120,692,124,Aug 23,NYY,,NYM,W4-2,CG,4,4,1,2,0,0,1,2,0,0,1,0,0,0,0,0,1,0,.297,.394,.663,1.056,3,.89,0.207,.46,0.06%,1.84,24.00,31.20,CF RF
121,693,125,Aug 25,NYY,@,OAK,W13-4,GS-7,5,4,0,1,0,0,0,1,1,0,0,0,0,0,0,0,0,0,.296,.394,.659,1.053,2,.56,-0.025,.29,-0.01%,-0.25,7.00,9.50,CF
122,694,126,Aug 26,NYY,@,OAK,W3-2,CG,5,2,1,1,0,0,1,3,3,1,0,0,0,0,0,0,0,0,.297,.397,.665,1.063,2,1.05,0.280,.52,0.08%,2.61,24.00,34.70,CF
123,695,127,Aug 27,NYY,@,OAK,L2-3,CG(11),4,3,0,0,0,0,0,0,1,0,1,0,0,0,0,0,0,1,.295,.396,.661,1.057,2,1.49,0.311,.52,0.07%,-0.91,2.00,3.00,CF
124,696,128,Aug 28,NYY,@,OAK,L1-4,CG,4,4,0,0,0,0,0,0,0,0,3,0,0,0,0,0,0,0,.293,.393,.655,1.048,2,.87,-0.082,.30,-0.02%,-0.80,0.00,0.00,RF
125,697,129,Aug 29,NYY,@,LAA,L3-4,CG,4,2,1,1,0,0,1,1,2,2,0,0,0,0,0,0,0,0,.294,.396,.661,1.057,2,1.13,0.107,.46,0.03%,1.07,18.00,24.70,CF
126,698,130,Aug 30,NYY,@,LAA,W7-4,CG,5,5,2,3,0,0,1,3,0,0,1,0,0,0,0,0,0,0,.297,.398,.667,1.064,3,.68,0.208,.32,0.06%,2.80,26.00,34.90,CF
127,699,131,Aug 31,NYY,@,LAA,L2-3,CG,4,2,0,0,0,0,0,0,2,0,2,0,0,0,0,0,1,0,.296,.399,.664,1.062,3,1.79,0.178,.87,0.05%,0.49,9.00,12.00,RF
128,700,132,Sep 2,NYY,@,TBR,L0-9,CG,4,2,0,0,0,0,0,0,1,0,2,0,0,0,0,0,0,0,.294,.398,.661,1.059,2,1.25,0.027,1.08,0.01%,0.31,2.00,3.00,RF CF
129,701,133,Sep 3,NYY,@,TBR,L1-2,CG,4,4,1,2,0,0,1,1,0,0,2,0,0,0,0,0,0,0,.296,.399,.666,1.065,1,1.09,0.107,1.23,0.07%,1.07,17.00,21.70,CF
130,702,134,Sep 4,NYY,@,TBR,W2-1,CG,5,5,2,3,1,0,1,1,0,0,0,0,0,0,0,0,0,0,.299,.401,.674,1.074,1,.90,0.169,1.20,0.14%,1.38,24.00,30.90,CF RF
131,703,135,Sep 5,NYY,,MIN,W5-2,CG,4,3,2,2,1,0,1,2,1,0,1,0,0,0,0,0,0,0,.302,.403,.682,1.085,2,.78,0.275,.57,0.12%,1.93,25.00,34.40,CF RF
132,704,136,Sep 7 (1),NYY,,MIN,W5-4,CG(12),5,3,1,1,0,0,1,1,2,2,1,0,0,0,0,0,0,0,.302,.405,.686,1.091,2,1.78,0.050,1.33,0.02%,1.04,18.00,24.70,DH
133,705,137,Sep 7 (2),NYY,,MIN,W7-1,CG,5,2,0,0,0,0,0,0,3,1,2,0,0,0,0,0,1,0,.301,.407,.683,1.090,2,.56,0.022,.36,0.01%,0.43,11.00,15.00,DH
134,706,138,Sep 8,NYY,,MIN,L3-4,CG,5,4,1,2,1,0,0,0,1,1,0,0,0,0,0,0,0,0,.302,.408,.684,1.092,2,2.40,0.142,1.40,0.05%,1.33,12.00,15.20,RF
135,707,139,Sep 9,NYY,,TBR,L2-4,CG,5,4,0,2,0,0,0,1,1,0,2,0,0,0,0,0,0,0,.304,.410,.682,1.092,1,.81,0.074,.91,0.05%,0.97,10.00,12.50,CF
136,708,140,Sep 10,NYY,,TBR,W10-3,GS-8,4,4,1,3,0,0,0,1,0,0,1,0,0,0,0,0,0,0,.307,.412,.683,1.095,1,.36,0.063,.53,0.06%,1.34,13.00,15.70,CF
137,709,141,Sep 11,NYY,,TBR,W10-4,GS-9,5,4,1,1,0,0,0,1,0,0,1,0,0,1,0,0,0,0,.307,.410,.679,1.090,1,.44,0.021,.50,0.02%,-0.52,7.00,9.70,CF
138,710,142,Sep 13,NYY,@,BOS,W7-6,CG(10),5,4,3,3,0,0,2,2,1,1,0,0,0,0,0,0,0,1,.310,.414,.692,1.105,1,1.89,0.386,1.03,0.13%,1.73,35.00,46.60,CF
139,711,143,Sep 14,NYY,@,BOS,W5-3,CG,5,4,1,1,0,0,0,0,1,0,2,0,0,0,0,0,0,0,.310,.413,.688,1.102,1,.77,0.013,.31,0.00%,-0.29,7.00,9.20,CF
140,712,144,Sep 16,NYY,@,MIL,L6-7,CG,5,4,2,2,0,0,0,0,1,1,1,0,0,0,0,0,0,0,.311,.415,.687,1.102,1,1.01,0.013,.29,0.00%,0.77,12.00,15.40,CF RF
141,713,145,Sep 17,NYY,@,MIL,L1-4,CG,4,3,0,1,1,0,0,0,1,0,1,0,0,0,0,0,0,0,.312,.415,.687,1.102,1,1.10,0.021,.38,0.00%,0.21,7.00,9.00,CF RF
142,714,146,Sep 18,NYY,@,MIL,W12-8,CG,6,5,3,4,1,0,2,4,1,0,0,0,0,0,0,0,0,0,.316,.419,.701,1.120,1,.57,0.154,.29,0.05%,4.36,44.00,59.60,CF
143,715,147,Sep 20,NYY,,PIT,W9-8,CG,5,4,1,1,0,0,1,1,1,0,1,0,0,0,0,0,0,0,.316,.419,.703,1.123,1,1.01,-0.046,.32,-0.01%,0.27,16.00,21.70,RF
144,716,148,Sep 21,NYY,,PIT,W14-2,GS-8,5,4,2,2,2,0,0,0,1,0,1,0,0,0,0,0,0,0,.317,.421,.705,1.126,1,.48,0.097,.13,0.02%,1.09,16.00,21.40,RF
145,717,149,Sep 22,NYY,,BOS,W5-4,CG(10),5,2,0,0,0,0,0,0,3,0,1,0,0,0,0,0,0,0,.316,.422,.703,1.125,1,1.55,0.036,.25,0.00%,0.38,6.00,9.00,RF
146,718,150,Sep 23,NYY,,BOS,W5-4,CG,4,4,0,1,0,0,0,0,0,0,2,0,0,0,0,0,0,0,.315,.421,.699,1.120,1,1.01,-0.067,.09,0.00%,-0.83,3.00,3.00,CF RF
147,719,151,Sep 24,NYY,,BOS,W7-5,CG,4,3,0,0,0,0,0,0,1,0,2,0,0,0,0,0,0,0,.314,.420,.696,1.116,1,1.41,-0.055,.10,0.00%,-0.20,2.00,3.00,RF
148,720,152,Sep 25,NYY,,BOS,W2-0,CG(6),3,2,0,1,1,0,0,0,1,0,0,0,0,0,0,0,0,0,.314,.421,.697,1.118,1,1.10,0.060,.05,0.00%,0.57,7.00,9.00,DH
149,721,153,Sep 26,NYY,@,TOR,L2-3,CG(10),5,3,1,1,0,0,0,0,2,1,2,0,0,0,0,0,0,0,.314,.422,.695,1.117,1,1.92,0.051,.10,0.00%,0.63,9.00,12.20,RF
150,722,154,Sep 27,NYY,@,TOR,W5-2,CG,5,1,2,0,0,0,0,0,4,0,0,0,0,0,0,0,0,0,.314,.425,.693,1.119,1,.82,0.074,.03,0.00%,1.14,12.00,18.40,CF RF
151,723,155,Sep 28,NYY,@,TOR,W8-3,CG,5,4,2,1,0,0,1,2,1,0,0,0,0,0,0,0,0,0,.313,.425,.696,1.121,1,1.09,0.225,.05,0.01%,0.42,20.00,28.40,DH
152,724,156,Sep 30,NYY,,BAL,L1-2,CG,4,2,0,1,0,0,0,0,2,1,1,0,0,0,0,0,0,0,.314,.427,.695,1.122,1,1.63,0.100,.09,0.00%,0.50,7.00,9.00,RF
153,725,157,Oct 1,NYY,,BAL,W8-0,GS-9,5,2,1,0,0,0,0,0,2,0,2,1,0,0,0,0,0,0,.313,.428,.692,1.121,1,.31,0.048,.02,0.00%,0.89,8.00,12.20,RF
154,726,158,Oct 2,NYY,,BAL,L1-3,CG,4,3,0,0,0,0,0,0,1,0,3,0,0,0,0,0,0,0,.311,.427,.689,1.116,1,1.88,-0.047,.13,0.00%,-0.53,2.00,3.00,DH
155,727,159,Oct 3,NYY,@,TEX,W3-1,CG,4,4,0,1,0,0,0,0,0,0,1,0,0,0,0,0,0,0,.311,.426,.686,1.112,1,.90,-0.053,.04,0.00%,-0.57,3.00,3.00,RF
156,728,160,Oct 4 (1),NYY,@,TEX,W5-4,CG,5,5,1,1,0,0,0,0,0,0,0,0,0,0,0,0,0,0,.310,.425,.681,1.106,1,.98,-0.011,.07,0.00%,-0.44,5.00,6.20,DH
157,729,161,Oct 4 (2),NYY,@,TEX,L2-3,GS-2,2,2,1,1,0,0,1,1,0,0,1,0,0,0,0,0,0,0,.311,.425,.686,1.111,1,.65,0.091,.07,0.01%,0.90,14.00,18.70,RF
,,,,,,,96-61,,696,570,133,177,28,0,62,131,111,19,175,6,0,5,1,14,16,3,.311,.425,.686,1.111,,1.09,8.113,.68,3.23%,81.07,1863.00,2504.10,